{"cameraMode":{"drawMode":0,"name":"Shaded","section":"Shading Mode"},"sceneLighting":true,"audioPlay":false,"sceneViewState":{"showFog":true,"showMaterialUpdate":false,"showSkybox":false,"showFlares":true,"showImageEffects":true,"showParticleSystems":true},"in2DMode":false,"pivot":{"x":4.66811990737915,"y":1.5699999332427979,"z":-17.423254013061525},"rotation":{"x":0.2261556088924408,"y":0.126384899020195,"z":-0.029646044597029687,"w":0.9654359817504883},"size":2.596163034439087,"orthographic":false}