{"cameraMode":{"drawMode":0,"name":"Shaded","section":"Shading Mode"},"sceneLighting":false,"audioPlay":false,"sceneViewState":{"showFog":true,"showMaterialUpdate":false,"showSkybox":false,"showFlares":true,"showImageEffects":true,"showParticleSystems":true},"in2DMode":false,"pivot":{"x":-1.0541163682937623,"y":0.6597702503204346,"z":0.1195564717054367},"rotation":{"x":0.0033309292048215868,"y":-0.9959470629692078,"z":0.07995577156543732,"w":0.04182782396674156},"size":9.054394721984864,"orthographic":false}