{"cameraMode":{"drawMode":0,"name":"Shaded","section":"Shading Mode"},"sceneLighting":false,"audioPlay":false,"sceneViewState":{"showFog":true,"showMaterialUpdate":false,"showSkybox":false,"showFlares":true,"showImageEffects":true,"showParticleSystems":true},"in2DMode":false,"pivot":{"x":4.098225116729736,"y":0.26770830154418948,"z":-22.561981201171876},"rotation":{"x":0.21645618975162507,"y":-0.34899088740348818,"z":0.0831712931394577,"w":0.9080134630203247},"size":7.711869716644287,"orthographic":false}