{"cameraMode":{"drawMode":0,"name":"Shaded","section":"Shading Mode"},"sceneLighting":false,"audioPlay":false,"sceneViewState":{"showFog":true,"showMaterialUpdate":false,"showSkybox":false,"showFlares":true,"showImageEffects":true,"showParticleSystems":true},"in2DMode":false,"pivot":{"x":-5.328154563903809,"y":-3.261789083480835,"z":7.5506205558776859},"rotation":{"x":0.1501324325799942,"y":-0.751055896282196,"z":0.18280251324176789,"w":0.6164453625679016},"size":2.939626455307007,"orthographic":false}