{"cameraMode":{"drawMode":0,"name":"Shaded","section":"Shading Mode"},"sceneLighting":false,"audioPlay":false,"sceneViewState":{"showFog":true,"showMaterialUpdate":false,"showSkybox":false,"showFlares":true,"showImageEffects":true,"showParticleSystems":true},"in2DMode":false,"pivot":{"x":-0.2028447389602661,"y":-0.3279486894607544,"z":0.08218222856521607},"rotation":{"x":0.09365518391132355,"y":-0.9044939875602722,"z":0.32351842522621157,"w":0.26173511147499087},"size":1.3263578414916993,"orthographic":false}