{"cameraMode":{"drawMode":0,"name":"Shaded","section":"Shading Mode"},"sceneLighting":false,"audioPlay":false,"sceneViewState":{"showFog":true,"showMaterialUpdate":false,"showSkybox":false,"showFlares":true,"showImageEffects":true,"showParticleSystems":true},"in2DMode":false,"pivot":{"x":-3.070927143096924,"y":3.3738584518432619,"z":4.81749963760376},"rotation":{"x":0.2799912691116333,"y":-0.5823585391044617,"z":0.22337374091148377,"w":0.7297905087471008},"size":15.880322456359864,"orthographic":false}