{"cameraMode":{"drawMode":0,"name":"Shaded","section":"Shading Mode"},"sceneLighting":true,"audioPlay":false,"sceneViewState":{"showFog":true,"showMaterialUpdate":false,"showSkybox":true,"showFlares":true,"showImageEffects":true,"showParticleSystems":true},"in2DMode":false,"pivot":{"x":124.24718475341797,"y":163.64834594726563,"z":-88.03160095214844},"rotation":{"x":0.14173264801502229,"y":0.09185171127319336,"z":-0.013226203620433808,"w":0.9855872988700867},"size":115.28842163085938,"orthographic":false}