{"cameraMode":{"drawMode":0,"name":"Shaded","section":"Shading Mode"},"sceneLighting":true,"audioPlay":false,"sceneViewState":{"showFog":true,"showMaterialUpdate":false,"showSkybox":false,"showFlares":true,"showImageEffects":true,"showParticleSystems":true},"in2DMode":false,"pivot":{"x":-0.1216902881860733,"y":0.22185593843460084,"z":0.005878463387489319},"rotation":{"x":-0.04703522473573685,"y":-0.9326927661895752,"z":0.3323597013950348,"w":-0.13212662935256959},"size":2.101562738418579,"orthographic":false}