{"cameraMode":{"drawMode":0,"name":"Shaded","section":"Shading Mode"},"sceneLighting":true,"audioPlay":false,"sceneViewState":{"showFog":true,"showMaterialUpdate":false,"showSkybox":false,"showFlares":true,"showImageEffects":true,"showParticleSystems":true},"in2DMode":false,"pivot":{"x":0.04320979863405228,"y":0.30937546491622927,"z":0.18897749483585359},"rotation":{"x":0.23780538141727448,"y":-0.30766963958740237,"z":0.07971110194921494,"w":0.9178727865219116},"size":2.785672426223755,"orthographic":false}