{"cameraMode":{"drawMode":0,"name":"Shaded","section":"Shading Mode"},"sceneLighting":false,"audioPlay":false,"sceneViewState":{"showFog":true,"showMaterialUpdate":false,"showSkybox":false,"showFlares":true,"showImageEffects":true,"showParticleSystems":true},"in2DMode":false,"pivot":{"x":2.345717430114746,"y":0.5300850868225098,"z":-1.4434022903442383},"rotation":{"x":0.3039012551307678,"y":-0.09896532446146012,"z":0.03170868009328842,"w":0.9470455646514893},"size":1.7006559371948243,"orthographic":false}