{"cameraMode":{"drawMode":0,"name":"Shaded","section":"Shading Mode"},"sceneLighting":false,"audioPlay":false,"sceneViewState":{"showFog":true,"showMaterialUpdate":false,"showSkybox":false,"showFlares":true,"showImageEffects":true,"showParticleSystems":true},"in2DMode":false,"pivot":{"x":0.14953218400478364,"y":0.6292684078216553,"z":-0.10128024220466614},"rotation":{"x":0.05268958956003189,"y":0.12220083177089691,"z":-0.006467064842581749,"w":0.9911165833473206},"size":1.409294605255127,"orthographic":false}