{"cameraMode":{"drawMode":0,"name":"Shaded","section":"Shading Mode"},"sceneLighting":false,"audioPlay":false,"sceneViewState":{"showFog":true,"showMaterialUpdate":false,"showSkybox":false,"showFlares":true,"showImageEffects":true,"showParticleSystems":true},"in2DMode":false,"pivot":{"x":-0.13964109122753144,"y":-0.0984710156917572,"z":0.12989747524261475},"rotation":{"x":0.24263885617256165,"y":-0.5174739360809326,"z":0.15581950545310975,"w":0.805679202079773},"size":0.48568475246429446,"orthographic":false}