{"cameraMode":{"drawMode":0,"name":"Shaded","section":"Shading Mode"},"sceneLighting":false,"audioPlay":false,"sceneViewState":{"showFog":true,"showMaterialUpdate":false,"showSkybox":false,"showFlares":true,"showImageEffects":true,"showParticleSystems":true},"in2DMode":false,"pivot":{"x":-0.11105334758758545,"y":1.9682269096374512,"z":1.0958153009414673},"rotation":{"x":0.2478526383638382,"y":0.019729329273104669,"z":-0.005103785078972578,"w":0.9686187505722046},"size":9.766094207763672,"orthographic":false}