{"cameraMode":{"drawMode":0,"name":"Shaded","section":"Shading Mode"},"sceneLighting":false,"audioPlay":false,"sceneViewState":{"showFog":true,"showMaterialUpdate":false,"showSkybox":false,"showFlares":true,"showImageEffects":true,"showParticleSystems":true},"in2DMode":false,"pivot":{"x":10.25,"y":2.272282600402832,"z":-12.630000114440918},"rotation":{"x":0.16763095557689668,"y":-0.046140238642692569,"z":0.007875721901655198,"w":0.9847699403762817},"size":21.280563354492189,"orthographic":false}