{"cameraMode":{"drawMode":0,"name":"Shaded","section":"Shading Mode"},"sceneLighting":true,"audioPlay":false,"sceneViewState":{"showFog":true,"showMaterialUpdate":false,"showSkybox":false,"showFlares":true,"showImageEffects":true,"showParticleSystems":true},"in2DMode":false,"pivot":{"x":490.2300109863281,"y":1.3600000143051148,"z":243.88999938964845},"rotation":{"x":0.3271734416484833,"y":0.14574269950389863,"z":-0.051144346594810489,"w":0.932285487651825},"size":5.37578010559082,"orthographic":false}